Quick Sort,Radix Sort,Brute Force,Probabilistic,Size
55.24038461538461,215.41346153846155,2566.4423076923076,1916.2692307692307,280.08
